<?xml version="1.0" encoding="utf-8"?>
<install version="1.5.0" type="plugin" group="system" method="upgrade">
	<name>System - Breadcrumbs Handler</name>
	<author>Enless Soft Ltd.</author>
	<creationDate>December 2008</creationDate>
	<copyright>(C) 2008-2010 Enless Soft Ltd. All rights reserved.</copyright>
	<license>http://enless-soft.com/license-joomla</license>
	<authorEmail>joomla@enless-soft.com</authorEmail>
	<authorUrl>http://enless-soft.com</authorUrl>
	<version>1.1</version>
	<description>This plugin handles the advanced breadcrumbs functionality provided by the Enless Soft Breadcrumbs Manager component.</description>
	<files>
		<filename plugin="es_abcsm_handler">es_abcsm_handler.php</filename>
	</files>
</install>